Campaign;AdGroup;AdType;Keyword;Bid;Region;NegativeKeywords;AdTitle;AdTitle2;AdText;DisplayUrlPath;Href
Золотое Кольцо VIP туры;Золотое Кольцо Общие;text;золотое кольцо туры;120;213;-бесплатно -дешево -работа;Туры по Золотому Кольцу со скидкой 5%;VIP-комфорт и личный гид;Индивидуальные туры по древним городам России. Mercedes S-Class отели 5★ авторские маршруты. Суздаль Владимир Ярославль. Бронируйте со скидкой!;promo;https://goldenring.vfs.travel/promo?utm_source=yandex&utm_medium=cpc&utm_campaign=golden_ring&utm_term=золотое_кольцо
Золотое Кольцо VIP туры;Золотое Кольцо Общие;text;туры по золотому кольцу;120;213;-бесплатно -дешево -работа;Туры по Золотому Кольцу со скидкой 5%;VIP-комфорт и личный гид;Индивидуальные туры по древним городам России. Mercedes S-Class отели 5★ авторские маршруты. Суздаль Владимир Ярославль. Бронируйте со скидкой!;promo;https://goldenring.vfs.travel/promo?utm_source=yandex&utm_medium=cpc&utm_campaign=golden_ring&utm_term=туры
Золотое Кольцо VIP туры;Золотое Кольцо Общие;text;экскурсии золотое кольцо;110;213;-бесплатно -дешево -работа;Туры по Золотому Кольцу со скидкой 5%;VIP-комфорт и личный гид;Индивидуальные туры по древним городам России. Mercedes S-Class отели 5★ авторские маршруты. Суздаль Владимир Ярославль. Бронируйте со скидкой!;promo;https://goldenring.vfs.travel/promo?utm_source=yandex&utm_medium=cpc&utm_campaign=golden_ring&utm_term=экскурсии
Золотое Кольцо VIP туры;Золотое Кольцо Общие;text;тур золотое кольцо из москвы;140;213;-бесплатно -дешево -работа;Золотое Кольцо 2025 Скидка 5%;Премиум туры от 39900₽;Эксклюзивные туры по древним городам с комфортом премиум-класса. Проживание 5★ трансферы личный гид. Владимир Суздаль Ростов Великий.;promo;https://goldenring.vfs.travel/promo?utm_source=yandex&utm_medium=cpc&utm_campaign=golden_ring&utm_term=москва
Золотое Кольцо VIP туры;VIP и Премиум;text;vip туры золотое кольцо;200;213;-бесплатно -дешево -работа;VIP-туры по Золотому Кольцу -5%;Mercedes S-Class отели 5 звезд;Индивидуальные туры премиум-класса. Личный гид-историк авторский маршрут максимальный комфорт. Суздаль Владимир Ярославль.;promo;https://goldenring.vfs.travel/promo?utm_source=yandex&utm_medium=cpc&utm_campaign=golden_ring_vip&utm_term=vip
Золотое Кольцо VIP туры;VIP и Премиум;text;индивидуальные туры золотое кольцо;180;213;-бесплатно -дешево -работа;VIP-туры по Золотому Кольцу -5%;Mercedes S-Class отели 5 звезд;Индивидуальные туры премиум-класса. Личный гид-историк авторский маршрут максимальный комфорт. Суздаль Владимир Ярославль.;promo;https://goldenring.vfs.travel/promo?utm_source=yandex&utm_medium=cpc&utm_campaign=golden_ring_vip&utm_term=индивидуальные
Золотое Кольцо VIP туры;VIP и Премиум;text;премиум туры золотое кольцо;190;213;-бесплатно -дешево -работа;Эксклюзивные туры Золотое Кольцо;Скидка 5% только сегодня;Путешествие премиум-класса по древним городам России. Комфортабельный транспорт лучшие отели персональный сервис. От 39900₽.;promo;https://goldenring.vfs.travel/promo?utm_source=yandex&utm_medium=cpc&utm_campaign=golden_ring_vip&utm_term=премиум
Золотое Кольцо VIP туры;Города маршрута;text;туры в суздаль;140;213;-бесплатно -дешево -работа;Туры в Суздаль и Владимир -5%;Золотое Кольцо от 39900₽;Посетите древние города Золотого Кольца с комфортом премиум-класса. Индивидуальные туры личный гид отели 5★. Скидка 5%!;promo;https://goldenring.vfs.travel/promo?utm_source=yandex&utm_medium=cpc&utm_campaign=golden_ring_cities&utm_term=суздаль
Золотое Кольцо VIP туры;Города маршрута;text;туры в ярославль;130;213;-бесплатно -дешево -работа;Туры в Ярославль со скидкой 5%;Золотое Кольцо от 39900₽;Посетите древние города Золотого Кольца с комфортом премиум-класса. Индивидуальные туры личный гид отели 5★. Скидка 5%!;promo;https://goldenring.vfs.travel/promo?utm_source=yandex&utm_medium=cpc&utm_campaign=golden_ring_cities&utm_term=ярославль
Золотое Кольцо VIP туры;Гастрономия;text;гастрономический тур золотое кольцо;150;213;-бесплатно -дешево -работа;Гастротур Золотое Кольцо -5%;Дегустации Мастер-классы;Авторские блюда лучшие вина региона мастер-классы от шефов. Посещение ферм и эксклюзивные рестораны. От 49400₽ со скидкой!;promo;https://goldenring.vfs.travel/promo?utm_source=yandex&utm_medium=cpc&utm_campaign=golden_ring_gastro&utm_term=гастро
Золотое Кольцо VIP туры;Фототур;text;фототур золотое кольцо;120;213;-бесплатно -дешево -работа;Фототур Золотое Кольцо -5%;Золотые купола в объективе;Профессиональный фотограф-эксперт секретные локации лучшее время для съемки. Индивидуальный маршрут и обработка фото. От 36100₽!;promo;https://goldenring.vfs.travel/promo?utm_source=yandex&utm_medium=cpc&utm_campaign=golden_ring_photo&utm_term=фото